{
    "CORE_0": {
        "x": 531.6371006109184,
        "y": 1513.0526634605346
    },
    "CORE_1": {
        "x": 546.4116714760828,
        "y": 1023.9038756201082
    },
    "CORE_2": {
        "x": 1046.6345569636421,
        "y": 744.284073603551
    },
    "CORE_3": {
        "x": 1517.2780709330302,
        "y": 705.0502156790266
    },
    "L3_CACHE_0": {
        "x": 957.1461868924922,
        "y": 1553.0645260708247
    },
    "L3_CACHE_1": {
        "x": 20.884469056387193,
        "y": 1551.1275510736427
    },
    "NOC_ROUTER": {
        "x": 1500.008499255631,
        "y": 1035.3044225934514
    },
    "DDR_CTRL": {
        "x": 560.5197179414725,
        "y": 511.5476529612755
    },
    "PCIE_PHY": {
        "x": 1500.209309798468,
        "y": 1555.3691953347497
    },
    "USB_HUB": {
        "x": 497.7569015517508,
        "y": 810.9842252474855
    },
    "ETHERNET_PHY": {
        "x": 1546.9312777390053,
        "y": 426.5670585029305
    },
    "IO_PAD_TOP": {
        "x": 0,
        "y": 1950
    },
    "IO_PAD_BOT": {
        "x": 0,
        "y": 0
    }
}