{
    "PE_0_0": {
        "x": 452.67661371177644,
        "y": 22.3464224679877
    },
    "PE_0_1": {
        "x": 475.99146106271206,
        "y": 37.2069461586249
    },
    "PE_0_2": {
        "x": 468.22131496766923,
        "y": 40.457188340776064
    },
    "PE_0_3": {
        "x": 861.3536371182948,
        "y": 46.631164722922165
    },
    "PE_0_4": {
        "x": 908.1595112638856,
        "y": 67.17208274548689
    },
    "PE_0_5": {
        "x": 1161.0652206217082,
        "y": 67.42276219236857
    },
    "PE_0_6": {
        "x": 1222.1037447244723,
        "y": 54.5830969174025
    },
    "PE_0_7": {
        "x": 1488.5090565150424,
        "y": 46.947786800258335
    },
    "PE_0_8": {
        "x": 1524.906104556764,
        "y": 56.598801642242044
    },
    "PE_0_9": {
        "x": 1555.060870434385,
        "y": 46.9921801263373
    },
    "PE_1_0": {
        "x": 428.09530682985456,
        "y": 47.24059388369929
    },
    "PE_1_1": {
        "x": 520.7822777319843,
        "y": 100.42316476358563
    },
    "PE_1_2": {
        "x": 855.7619770076676,
        "y": 51.20813665529642
    },
    "PE_1_3": {
        "x": 933.1339243534571,
        "y": 53.59513186793904
    },
    "PE_1_4": {
        "x": 958.4121296197205,
        "y": 50.386804247932496
    },
    "PE_1_5": {
        "x": 1134.2394502691138,
        "y": 52.55366137829005
    },
    "PE_1_6": {
        "x": 1230.6785745419713,
        "y": 50.53274482445762
    },
    "PE_1_7": {
        "x": 1500.6442247264222,
        "y": 51.06612115823999
    },
    "PE_1_8": {
        "x": 1503.4425929672193,
        "y": 49.27300178914697
    },
    "PE_1_9": {
        "x": 1502.0304434831482,
        "y": 50.00683811471958
    },
    "PE_2_0": {
        "x": 450.0620612199355,
        "y": 56.61640821712003
    },
    "PE_2_1": {
        "x": 846.1973215605864,
        "y": 49.85200345725103
    },
    "PE_2_2": {
        "x": 505.2717927562414,
        "y": 492.2175098879877
    },
    "PE_2_3": {
        "x": 933.3568690138693,
        "y": 492.50113485605374
    },
    "PE_2_4": {
        "x": 1033.7046060135265,
        "y": 64.17110007165336
    },
    "PE_2_5": {
        "x": 1111.345801029923,
        "y": 500.66189186966534
    },
    "PE_2_6": {
        "x": 1491.3029101139944,
        "y": 504.9955537506299
    },
    "PE_2_7": {
        "x": 1499.2931580126904,
        "y": 447.85540414277966
    },
    "PE_2_8": {
        "x": 1501.2968305057461,
        "y": 485.9996420643494
    },
    "PE_2_9": {
        "x": 1498.2747785356983,
        "y": 497.8195562843497
    },
    "PE_3_0": {
        "x": 462.2929608396393,
        "y": 447.32007929242525
    },
    "PE_3_1": {
        "x": 462.3172181010302,
        "y": 488.6793430109866
    },
    "PE_3_2": {
        "x": 451.45013921760193,
        "y": 501.43729474169845
    },
    "PE_3_3": {
        "x": 935.4252580852612,
        "y": 456.1214034442059
    },
    "PE_3_4": {
        "x": 1042.2346538302124,
        "y": 51.96078452495323
    },
    "PE_3_5": {
        "x": 1111.1583166956214,
        "y": 489.2435785850585
    },
    "PE_3_6": {
        "x": 1190.6958595270007,
        "y": 504.8176453778131
    },
    "PE_3_7": {
        "x": 1467.8101977517927,
        "y": 499.90501776256536
    },
    "PE_3_8": {
        "x": 1488.2617951229067,
        "y": 537.4865231617526
    },
    "PE_3_9": {
        "x": 1514.8241945070342,
        "y": 512.0775041209171
    },
    "PE_4_0": {
        "x": 499.25968307497226,
        "y": 473.0918870199945
    },
    "PE_4_1": {
        "x": 478.2155045903788,
        "y": 515.9767241806945
    },
    "PE_4_2": {
        "x": 965.9367949584171,
        "y": 514.1327189849794
    },
    "PE_4_3": {
        "x": 946.4936842703603,
        "y": 486.52265271458856
    },
    "PE_4_4": {
        "x": 1054.8309889165337,
        "y": 507.08180118927453
    },
    "PE_4_5": {
        "x": 1076.1158110365934,
        "y": 978.8871639441168
    },
    "PE_4_6": {
        "x": 1499.7818491524797,
        "y": 1003.4496078126068
    },
    "PE_4_7": {
        "x": 1485.7074051765915,
        "y": 993.8633159647326
    },
    "PE_4_8": {
        "x": 1498.2031152319155,
        "y": 999.3997010413409
    },
    "PE_4_9": {
        "x": 1507.8155298500926,
        "y": 996.395374154207
    },
    "PE_5_0": {
        "x": 955.1311602068776,
        "y": 495.95180864354194
    },
    "PE_5_1": {
        "x": 519.1220925339944,
        "y": 965.2545933955323
    },
    "PE_5_2": {
        "x": 931.4183300815216,
        "y": 497.7051632683532
    },
    "PE_5_3": {
        "x": 953.1007405800583,
        "y": 515.6521459101084
    },
    "PE_5_4": {
        "x": 1060.2704795880893,
        "y": 505.4957174537484
    },
    "PE_5_5": {
        "x": 948.7874163028333,
        "y": 1027.9982482961361
    },
    "PE_5_6": {
        "x": 1502.0542669558388,
        "y": 1011.0469841541778
    },
    "PE_5_7": {
        "x": 1497.8595436718108,
        "y": 997.7423618537433
    },
    "PE_5_8": {
        "x": 1490.1938102945767,
        "y": 1486.740819008925
    },
    "PE_5_9": {
        "x": 1502.8967057137552,
        "y": 1499.4236306125113
    },
    "PE_6_0": {
        "x": 451.6143407031693,
        "y": 1015.1323368609
    },
    "PE_6_1": {
        "x": 447.6780832462314,
        "y": 1009.7733256562959
    },
    "PE_6_2": {
        "x": 448.46020911078966,
        "y": 989.0388353109702
    },
    "PE_6_3": {
        "x": 479.2041299408811,
        "y": 997.8041034265899
    },
    "PE_6_4": {
        "x": 959.612442725277,
        "y": 1500.0050154772082
    },
    "PE_6_5": {
        "x": 933.195128775464,
        "y": 1479.7658612478936
    },
    "PE_6_6": {
        "x": 1133.7404167067793,
        "y": 1038.5744167253285
    },
    "PE_6_7": {
        "x": 1504.0537651280383,
        "y": 1499.592931561718
    },
    "PE_6_8": {
        "x": 1496.8017130498413,
        "y": 1500.6956618834213
    },
    "PE_6_9": {
        "x": 1500.3914902999827,
        "y": 1500.6786102324402
    },
    "PE_7_0": {
        "x": 444.5621966413879,
        "y": 957.5618757247033
    },
    "PE_7_1": {
        "x": 432.7646806167342,
        "y": 1506.5603319997135
    },
    "PE_7_2": {
        "x": 440.2569261821293,
        "y": 1504.713656365732
    },
    "PE_7_3": {
        "x": 957.9401853200508,
        "y": 1500.0050493066537
    },
    "PE_7_4": {
        "x": 970.6415150782909,
        "y": 1498.8932001370379
    },
    "PE_7_5": {
        "x": 954.1400181741864,
        "y": 1490.7511976858214
    },
    "PE_7_6": {
        "x": 1105.9278560064524,
        "y": 1003.3490407825077
    },
    "PE_7_7": {
        "x": 1113.9558050655767,
        "y": 1506.89362256676
    },
    "PE_7_8": {
        "x": 1496.09511493655,
        "y": 1510.0237804632231
    },
    "PE_7_9": {
        "x": 1472.0397442267745,
        "y": 1506.9764672577478
    },
    "PE_8_0": {
        "x": 454.00298338666437,
        "y": 1511.0536595676283
    },
    "PE_8_1": {
        "x": 481.9557522137446,
        "y": 1502.2268802718684
    },
    "PE_8_2": {
        "x": 954.7452162632737,
        "y": 1501.8431536258292
    },
    "PE_8_3": {
        "x": 957.9460128514654,
        "y": 1040.6014329375382
    },
    "PE_8_4": {
        "x": 1035.534327365295,
        "y": 532.1936643312075
    },
    "PE_8_5": {
        "x": 985.9485938878198,
        "y": 1033.5286678886896
    },
    "PE_8_6": {
        "x": 1134.2966657592863,
        "y": 1014.9391821229711
    },
    "PE_8_7": {
        "x": 1111.3278197204445,
        "y": 1500.2069962669837
    },
    "PE_8_8": {
        "x": 1114.4973160134036,
        "y": 1499.1674217079815
    },
    "PE_8_9": {
        "x": 1135.8025740248615,
        "y": 1466.1556820496305
    },
    "PE_9_0": {
        "x": 458.3494575815505,
        "y": 1514.6979434733046
    },
    "PE_9_1": {
        "x": 462.4367494701681,
        "y": 1496.2372379391757
    },