{
    "CORE_0": {
        "x": 547.3717203312626,
        "y": 1500.0015259546037
    },
    "CORE_1": {
        "x": 544.5857079598927,
        "y": 1014.3521282708956
    },
    "CORE_2": {
        "x": 1029.5112902097947,
        "y": 737.4792430116706
    },
    "CORE_3": {
        "x": 1500.8688986244945,
        "y": 812.8272135488988
    },
    "L3_CACHE_0": {
        "x": 1017.0360688204884,
        "y": 1496.368352184351
    },
    "L3_CACHE_1": {
        "x": 26.159916119877206,
        "y": 1531.769028061978
    },
    "NOC_ROUTER": {
        "x": 1500.0074217746878,
        "y": 1023.088295684529
    },
    "DDR_CTRL": {
        "x": 594.0590318911566,
        "y": 410.8423034934821
    },
    "PCIE_PHY": {
        "x": 1500.549324703962,
        "y": 1517.2124571177214
    },
    "USB_HUB": {
        "x": 435.164701405981,
        "y": 907.94906911064
    },
    "ETHERNET_PHY": {
        "x": 1479.3528255180954,
        "y": 477.0245894125929
    },
    "IO_PAD_TOP": {
        "x": 0,
        "y": 1950
    },
    "IO_PAD_BOT": {
        "x": 0,
        "y": 0
    }
}