{
    "reg1": {
        "x": 388.42573883133764,
        "y": 91.21937148481763
    },
    "reg2": {
        "x": 263.629438293498,
        "y": 334.31899649250096
    },
    "io1": {
        "x": 10,
        "y": 10
    }
}