{
    "PE_0_0": {
        "x": 446.3299545392991,
        "y": 19.83758581570939
    },
    "PE_0_1": {
        "x": 455.0463715177869,
        "y": 34.02381980450338
    },
    "PE_0_2": {
        "x": 457.80624213986164,
        "y": 53.57799582652821
    },
    "PE_0_3": {
        "x": 895.2736061129838,
        "y": 52.94491406698355
    },
    "PE_0_4": {
        "x": 972.6740705316312,
        "y": 48.348441643256265
    },
    "PE_0_5": {
        "x": 1151.7167036654844,
        "y": 64.2303991298863
    },
    "PE_0_6": {
        "x": 1269.5442835360514,
        "y": 61.03265229090817
    },
    "PE_0_7": {
        "x": 1502.4962633695022,
        "y": 59.83779942884449
    },
    "PE_0_8": {
        "x": 1502.2245105251427,
        "y": 75.44075835584539
    },
    "PE_0_9": {
        "x": 1540.0777359448198,
        "y": 75.45173523117055
    },
    "PE_1_0": {
        "x": 461.4353555587671,
        "y": 249.7051419977547
    },
    "PE_1_1": {
        "x": 533.6220793355145,
        "y": 255.68163999740958
    },
    "PE_1_2": {
        "x": 832.0598856496115,
        "y": 214.42513821137692
    },
    "PE_1_3": {
        "x": 915.9666576319696,
        "y": 56.130790556523486
    },
    "PE_1_4": {
        "x": 981.1613453344603,
        "y": 221.15682430861764
    },
    "PE_1_5": {
        "x": 1133.9711033178255,
        "y": 111.75732832578952
    },
    "PE_1_6": {
        "x": 1226.4476069281634,
        "y": 273.47961362564274
    },
    "PE_1_7": {
        "x": 1496.3028884491534,
        "y": 258.91673321970916
    },
    "PE_1_8": {
        "x": 1491.876822642633,
        "y": 241.38418023315376
    },
    "PE_1_9": {
        "x": 1481.6011646291688,
        "y": 274.31018705313636
    },
    "PE_2_0": {
        "x": 495.2972065747017,
        "y": 242.06336433567532
    },
    "PE_2_1": {
        "x": 862.6640731894104,
        "y": 300.21066884518626
    },
    "PE_2_2": {
        "x": 467.90762012066455,
        "y": 519.4496259219316
    },
    "PE_2_3": {
        "x": 961.7714040786816,
        "y": 491.1718168603637
    },
    "PE_2_4": {
        "x": 1048.8252817584562,
        "y": 242.75589530201995
    },
    "PE_2_5": {
        "x": 1145.1066854897692,
        "y": 485.3262959407327
    },
    "PE_2_6": {
        "x": 1495.0781640859045,
        "y": 503.46816062032315
    },
    "PE_2_7": {
        "x": 1509.7526773483683,
        "y": 489.2806110817413
    },
    "PE_2_8": {
        "x": 1498.2205270870502,
        "y": 486.69445147782005
    },
    "PE_2_9": {
        "x": 1498.466297243083,
        "y": 737.8679358953088
    },
    "PE_3_0": {
        "x": 465.3979139964615,
        "y": 490.4436590342285
    },
    "PE_3_1": {
        "x": 457.4139867495444,
        "y": 502.4375080444664
    },
    "PE_3_2": {
        "x": 464.54078952076105,
        "y": 733.1813216503315
    },
    "PE_3_3": {
        "x": 953.958471745476,
        "y": 578.4207265412114
    },
    "PE_3_4": {
        "x": 1054.7188279940883,
        "y": 265.2749813407457
    },
    "PE_3_5": {
        "x": 1151.0957277746452,
        "y": 534.0472406579865
    },
    "PE_3_6": {
        "x": 1173.8320691423962,
        "y": 768.9263141550655
    },
    "PE_3_7": {
        "x": 1498.4236534418849,
        "y": 756.6238942190544
    },
    "PE_3_8": {
        "x": 1496.0294323785813,
        "y": 769.2506358351026
    },
    "PE_3_9": {
        "x": 1491.7343772352847,
        "y": 755.617436408364
    },
    "PE_4_0": {
        "x": 464.70461138370416,
        "y": 752.7838154075293
    },
    "PE_4_1": {
        "x": 471.01425726663285,
        "y": 771.1884708142989
    },
    "PE_4_2": {
        "x": 951.5225131219682,
        "y": 503.07689017969113
    },
    "PE_4_3": {
        "x": 961.3683321991366,
        "y": 736.9522221075059
    },
    "PE_4_4": {
        "x": 1051.3614135966832,
        "y": 521.6665724231319
    },
    "PE_4_5": {
        "x": 1057.4527910911645,
        "y": 993.5273082878317
    },
    "PE_4_6": {
        "x": 1494.0413716604482,
        "y": 1010.1655355102502
    },
    "PE_4_7": {
        "x": 1462.0716537067094,
        "y": 1227.8876384928926
    },
    "PE_4_8": {
        "x": 1489.5512845689923,
        "y": 1258.5576132189692
    },
    "PE_4_9": {
        "x": 1496.3952274820247,
        "y": 999.6702915214272
    },
    "PE_5_0": {
        "x": 964.4012219856526,
        "y": 757.7577096466175
    },
    "PE_5_1": {
        "x": 459.696416859205,
        "y": 997.7082177718403
    },
    "PE_5_2": {
        "x": 919.4814124582042,
        "y": 775.5699641580555
    },
    "PE_5_3": {
        "x": 955.2984338976155,
        "y": 761.5685183925822
    },
    "PE_5_4": {
        "x": 1057.0484038363911,
        "y": 754.982339004125
    },
    "PE_5_5": {
        "x": 975.796062949534,
        "y": 1244.774148967421
    },
    "PE_5_6": {
        "x": 1502.44885067046,
        "y": 1020.5776122871682
    },
    "PE_5_7": {
        "x": 1492.4255516419328,
        "y": 1248.525141769296
    },
    "PE_5_8": {
        "x": 1479.3895539084117,
        "y": 1763.8198646180804
    },
    "PE_5_9": {
        "x": 1510.2080575767313,
        "y": 1768.8496890171673
    },
    "PE_6_0": {
        "x": 450.4792096412087,
        "y": 999.3094069856085
    },
    "PE_6_1": {
        "x": 453.5785070113755,
        "y": 1038.2314852972793
    },
    "PE_6_2": {
        "x": 445.7776087617047,
        "y": 1282.7542793915761
    },
    "PE_6_3": {
        "x": 464.2214637781347,
        "y": 1251.8166942131431
    },
    "PE_6_4": {
        "x": 956.6932659542931,
        "y": 1456.8712706470349
    },
    "PE_6_5": {
        "x": 984.3775555929817,
        "y": 1728.7693455897365
    },
    "PE_6_6": {
        "x": 1106.0240866239924,
        "y": 1250.1754995732308
    },
    "PE_6_7": {
        "x": 1445.929431441593,
        "y": 1516.5779678401466
    },
    "PE_6_8": {
        "x": 1498.9047370569447,
        "y": 1748.5161404437147
    },
    "PE_6_9": {
        "x": 1509.9435295157496,
        "y": 1742.4529401027553
    },
    "PE_7_0": {
        "x": 462.82817020161247,
        "y": 1261.0565111605551
    },
    "PE_7_1": {
        "x": 465.2335742604373,
        "y": 1520.0399598655458
    },
    "PE_7_2": {
        "x": 457.22169698272467,
        "y": 1751.1585084798019
    },
    "PE_7_3": {
        "x": 936.5548634651282,
        "y": 1445.2682395209165
    },
    "PE_7_4": {
        "x": 977.895785757032,
        "y": 1741.3227491779735
    },
    "PE_7_5": {
        "x": 962.4514989789849,
        "y": 1729.9815212099334
    },
    "PE_7_6": {
        "x": 1080.1752760057154,
        "y": 1282.8185313960448
    },
    "PE_7_7": {
        "x": 1149.788296509577,
        "y": 1471.8187658921163
    },
    "PE_7_8": {
        "x": 1498.4434323854948,
        "y": 1511.884281055122
    },
    "PE_7_9": {
        "x": 1498.9806708581245,
        "y": 1509.0018814487207
    },
    "PE_8_0": {
        "x": 448.02939398389486,
        "y": 1498.683456818954
    },
    "PE_8_1": {
        "x": 463.62650169193927,
        "y": 1701.4934428203846
    },
    "PE_8_2": {
        "x": 925.0744496791773,
        "y": 1531.036699466454
    },
    "PE_8_3": {
        "x": 963.2865470339569,
        "y": 998.407076174156
    },
    "PE_8_4": {
        "x": 1040.426198272449,
        "y": 786.0110756972168
    },
    "PE_8_5": {
        "x": 958.7929132594714,
        "y": 1250.5509081816112
    },
    "PE_8_6": {
        "x": 1120.842911920347,
        "y": 1018.8793944799589
    },
    "PE_8_7": {
        "x": 1130.2662625901216,
        "y": 1472.1483877585163
    },
    "PE_8_8": {
        "x": 1137.8765950029544,
        "y": 1731.6022407700357
    },
    "PE_8_9": {
        "x": 1155.531852469402,
        "y": 1785.6875300133115
    },
    "PE_9_0": {
        "x": 456.59941924344344,
        "y": 1506.5469848001148
    },
    "PE_9_1": {
        "x": 477.0537065767411,
        "y": 1745.7127486335576
    },